state,constituency,constituency number,candidate,party,r1,r2,r3,r4,r5,r6,evm votes,postal votes,candidate total votes,candidate vote %,total polled votes
Puducherry,ARIANKUPPAM,19,C. AIYAPPAN @ MOUTTAYAPPAN,All India N.R. Congress,3031,5886,9104,12215,13851,,13851,359,14210,41.18,34510
Puducherry,ARIANKUPPAM,19,VIZAYALAKSHMY DJEAMOURTHY,Indian National Congress,2971,5839,8517,11274,13393,,13393,214,13607,39.43,34510
Puducherry,ARIANKUPPAM,19,RATHINAM,Naadaalum Makkal Katchi,18,54,64,82,92,,92,2,94,0.27,34510
Puducherry,ARIANKUPPAM,19,KUMARAVELU,Tamilaga Vettri Kazhagam,1234,2294,3307,4556,5366,,5366,58,5424,15.72,34510
Puducherry,ARIANKUPPAM,19,K. SUNDARAVADIVELU,Naam Tamilar Katchi,100,169,258,368,454,,454,8,462,1.34,34510
Puducherry,ARIANKUPPAM,19,L.G. SEKAR,Pattali Makkal Katchi,5,11,23,30,32,,32,2,34,0.1,34510
Puducherry,ARIANKUPPAM,19,SELVAKUMAR .V,Independent,27,83,105,126,133,,133,4,137,0.4,34510
Puducherry,ARIANKUPPAM,19,B. NARAYANAN,Independent,2,6,9,15,53,,53,2,55,0.16,34510
Puducherry,ARIANKUPPAM,19,L. MANIVANNAN,Independent,11,22,33,55,61,,61,0,61,0.18,34510
Puducherry,ARIANKUPPAM,19,A. RAGU @ RAGUNATHAN,Independent,15,31,39,96,103,,103,4,107,0.31,34510
Puducherry,ARIANKUPPAM,19,VENKATESH BABU,Independent,11,22,30,46,56,,56,1,57,0.17,34510
Puducherry,ARIANKUPPAM,19,NOTA,None of the Above,54,124,178,226,256,,256,6,262,0.76,34510
Puducherry,BAHOUR,23,R. SENTHIL KUMAR,Dravida Munnetra Kazhagam,3378,6360,8918,10318,,,10318,202,10520,38.32,27456
Puducherry,BAHOUR,23,T. THIAGARAJAN,All India N.R. Congress,2988,4779,6903,8010,,,8010,113,8123,29.59,27456
Puducherry,BAHOUR,23,K. KIRUBANIDHI,Pattali Makkal Katchi,21,36,42,49,,,49,0,49,0.18,27456
Puducherry,BAHOUR,23,SATHIYAMOORTHY. G,Tamilaga Makkal Thannurimai Katchi,31,81,89,93,,,93,1,94,0.34,27456
Puducherry,BAHOUR,23,N. DHANAVELOU,Tamilaga Vettri Kazhagam,1169,4452,6764,7940,,,7940,103,8043,29.29,27456
Puducherry,BAHOUR,23,S. NAVEENA,Naam Tamilar Katchi,62,122,199,263,,,263,2,265,0.97,27456
Puducherry,BAHOUR,23,A. ARULPRAKASH @ ARUL OLI,Independent,90,112,128,131,,,131,4,135,0.49,27456
Puducherry,BAHOUR,23,M. MUGILAN,Independent,3,11,11,11,,,11,0,11,0.04,27456
Puducherry,BAHOUR,23,M. VENGATESAN,Independent,29,33,56,69,,,69,0,69,0.25,27456
Puducherry,BAHOUR,23,NOTA,None of the Above,43,81,123,147,,,147,0,147,0.54,27456
Puducherry,EMBALAM,21,M. CANDASSAMY,Indian National Congress,1954,4076,7523,10341,11785,,11785,171,11956,37.91,31542
Puducherry,EMBALAM,21,E. MOHANDOSS,All India N.R. Congress,3697,7322,10948,13688,15736,,15736,281,16017,50.78,31542
Puducherry,EMBALAM,21,V. TAMILSELVAN,Tamilaga Vettri Kazhagam,821,1645,2155,2434,2695,,2695,13,2708,8.59,31542
Puducherry,EMBALAM,21,PRAGASH. K,Tamilaga Makkal Thannurimai Katchi,24,76,82,91,95,,95,1,96,0.3,31542
Puducherry,EMBALAM,21,S. MANOJ CHANDAR,Naam Tamilar Katchi,57,135,204,258,297,,297,6,303,0.96,31542
Puducherry,EMBALAM,21,K. RAMADASS,Rashtriya Samaj Dal (R),7,8,10,18,19,,19,1,20,0.06,31542
Puducherry,EMBALAM,21,M. RAMATCHANDIRANE,Independent,6,16,17,20,23,,23,0,23,0.07,31542
Puducherry,EMBALAM,21,G. RAGU,Independent,36,132,173,204,230,,230,2,232,0.74,31542
Puducherry,EMBALAM,21,NOTA,None of the Above,35,99,139,166,185,,185,2,187,0.59,31542
Puducherry,INDIRA NAGAR,8,P.V. AROUMOUGAME @ AKD,All India N.R. Congress,3740,7243,9844,12313,,,12313,327,12640,42.13,30001
Puducherry,INDIRA NAGAR,8,N. RAJAKUMAR,Indian National Congress,498,1111,1703,2061,,,2061,43,2104,7.01,30001
Puducherry,INDIRA NAGAR,8,T. DEVIKA,Naam Tamilar Katchi,192,372,554,658,,,658,17,675,2.25,30001
Puducherry,INDIRA NAGAR,8,S. MOUROUGANE,Tamilaga Vettri Kazhagam,3778,7580,9937,11921,,,11921,135,12056,40.19,30001
Puducherry,INDIRA NAGAR,8,E. VADIVEL,Pattali Makkal Katchi,17,34,56,78,,,78,0,78,0.26,30001
Puducherry,INDIRA NAGAR,8,JAYABALL @ SENGENI,All India Puratchi Thalaivar Makkal Munnettra Kazhagam,14,34,51,56,,,56,0,56,0.19,30001
Puducherry,INDIRA NAGAR,8,G. ROBERT JESUDASS,Independent,216,668,1567,1931,,,1931,15,1946,6.49,30001
Puducherry,INDIRA NAGAR,8,K. RAJASEKAR,Independent,27,80,108,129,,,129,1,130,0.43,30001
Puducherry,INDIRA NAGAR,8,NOTA,None of the Above,88,161,249,304,,,304,12,316,1.05,30001
Puducherry,KADIRGAMAM,7,K.S.P @ S. RAMESH,All India N.R. Congress,2498,4432,6179,7488,,,7488,141,7629,26.77,28497
Puducherry,KADIRGAMAM,7,A. P. R. VADIVEL,Dravida Munnetra Kazhagam,538,1218,1763,2371,,,2371,46,2417,8.48,28497
Puducherry,KADIRGAMAM,7,R. SOUPRAMANIANE,Pattali Makkal Katchi,18,32,40,44,,,44,2,46,0.16,28497
Puducherry,KADIRGAMAM,7,T. SUBASRI TAMILSELVAN,Naam Tamilar Katchi,123,235,342,419,,,419,8,427,1.5,28497
Puducherry,KADIRGAMAM,7,K. PONNUSAMY,Naadaalum Makkal Katchi,4,9,14,21,,,21,0,21,0.07,28497
Puducherry,KADIRGAMAM,7,JAYANTHI RAJAVELU,Tamilaga Vettri Kazhagam,744,1437,2259,2997,,,2997,27,3024,10.61,28497
Puducherry,KADIRGAMAM,7,AZHAGU @ AZHAGANANTHAM,Independent,4403,8259,12030,14435,,,14435,198,14633,51.35,28497
Puducherry,KADIRGAMAM,7,R. KANNAN,Independent,16,33,38,45,,,45,0,45,0.16,28497
Puducherry,KADIRGAMAM,7,RAMESH,Independent,7,17,24,30,,,30,1,31,0.11,28497
Puducherry,KADIRGAMAM,7,NOTA,None of the Above,52,98,164,222,,,222,2,224,0.79,28497
Puducherry,KALAPET,12,P.M.L. KALYANASUNDARAM,Bharatiya Janata Party,2760,4846,6824,8412,10669,11440,11440,182,11622,36.84,31545
Puducherry,KALAPET,12,SENTHIL @ RAMESH,Dravida Munnetra Kazhagam,2243,4797,7073,8863,11235,11921,11921,148,12069,38.26,31545
Puducherry,KALAPET,12,M.O.H.F. SHAHJAHAN,Indian National Congress,347,607,1010,1441,1901,1957,1957,33,1990,6.31,31545
Puducherry,KALAPET,12,OUTTRADAME,Pattali Makkal Katchi,9,23,36,41,53,59,59,2,61,0.19,31545
Puducherry,KALAPET,12,K. KAMARAJ,Naam Tamilar Katchi,109,234,344,474,580,630,630,9,639,2.03,31545
Puducherry,KALAPET,12,D. SASIKUMAR,Tamilaga Vettri Kazhagam,761,1643,2383,3365,4319,4750,4750,25,4775,15.14,31545
Puducherry,KALAPET,12,J. GUNASEKARAN,Independent,17,37,43,76,90,95,95,1,96,0.3,31545
Puducherry,KALAPET,12,NOTA,None of the Above,49,105,149,215,274,285,285,8,293,0.93,31545
Puducherry,KAMARAJ NAGAR,10,P.K. DEVADOSS,Indian National Congress,1952,3480,4928,6274,,,6274,113,6387,20.45,31226
Puducherry,KAMARAJ NAGAR,10,B. COWRI,Naam Tamilar Katchi,206,362,511,681,,,681,12,693,2.22,31226
Puducherry,KAMARAJ NAGAR,10,SUMAN,Tamilaga Vettri Kazhagam,1537,2812,4421,6232,,,6232,57,6289,20.14,31226
Puducherry,KAMARAJ NAGAR,10,SELVAKUMARAN,Loktantrik Janta Dal,19,38,104,125,,,125,2,127,0.41,31226
Puducherry,KAMARAJ NAGAR,10,S. LENIN DURAI,Socialist Unity Centre Of India (COMMUNIST),55,114,160,297,,,297,2,299,0.96,31226
Puducherry,KAMARAJ NAGAR,10,JOSE CHARLES MARTIN,Latchiya Jananayaka Katchi (LJK),3893,8152,11768,16368,,,16368,224,16592,53.14,31226
Puducherry,KAMARAJ NAGAR,10,HEMACHANDRAN,Pattali Makkal Katchi,30,58,96,122,,,122,2,124,0.4,31226
Puducherry,KAMARAJ NAGAR,10,M. GOPI,Independent,50,79,122,141,,,141,3,144,0.46,31226
Puducherry,KAMARAJ NAGAR,10,VPR. SELVAM,Independent,6,12,32,43,,,43,0,43,0.14,31226
Puducherry,KAMARAJ NAGAR,10,V. RADJARAM,Independent,41,59,72,86,,,86,2,88,0.28,31226
Puducherry,KAMARAJ NAGAR,10,NOTA,None of the Above,124,230,364,428,,,428,12,440,1.41,31226
Puducherry,KARAIKAL NORTH,26,P.R.N. THIRUMURUGAN,All India N.R. Congress,5218,9016,12528,,,,12528,203,12731,43.59,29208
Puducherry,KARAIKAL NORTH,26,A.M. RANJITH,Indian National Congress,3166,6753,9884,,,,9884,194,10078,34.5,29208
Puducherry,KARAIKAL NORTH,26,S. ANUSUYA,Naam Tamilar Katchi,184,367,475,,,,475,5,480,1.64,29208
Puducherry,KARAIKAL NORTH,26,R. BALAGURU,Desa Makkal Munnetrak Kazhagam,14,22,31,,,,31,1,32,0.11,29208
Puducherry,KARAIKAL NORTH,26,A. VENGADESH,Tamilaga Vettri Kazhagam,1583,3732,4993,,,,4993,40,5033,17.23,29208
Puducherry,KARAIKAL NORTH,26,DR. M. DHANABAL,Independent,14,29,40,,,,40,1,41,0.14,29208
Puducherry,KARAIKAL NORTH,26,N.D. PERUNTHAGAI,Independent,10,34,43,,,,43,0,43,0.15,29208
Puducherry,KARAIKAL NORTH,26,MURUGANANDAM,Independent,105,387,508,,,,508,8,516,1.77,29208
Puducherry,KARAIKAL NORTH,26,SHAJAHAN,Independent,16,43,71,,,,71,1,72,0.25,29208
Puducherry,KARAIKAL NORTH,26,NOTA,None of the Above,75,131,180,,,,180,2,182,0.62,29208
Puducherry,KARAIKAL SOUTH,27,M. ARUL MURUGAN,Bharatiya Janata Party,519,972,1311,,,,1311,43,1354,5.31,25522
Puducherry,KARAIKAL SOUTH,27,AVS SAKTHIVEL PRABU,Indian National Congress,2630,4886,6595,,,,6595,86,6681,26.18,25522
Puducherry,KARAIKAL SOUTH,27,A.M.H. NAZEEM,Dravida Munnetra Kazhagam,5470,10597,12325,,,,12325,218,12543,49.15,25522
Puducherry,KARAIKAL SOUTH,27,K.A.U. ASSANA,Tamilaga Vettri Kazhagam,1923,3597,4313,,,,4313,33,4346,17.03,25522
Puducherry,KARAIKAL SOUTH,27,MAGESHWARI,Desa Makkal Munnetrak Kazhagam,11,18,24,,,,24,0,24,0.09,25522
Puducherry,KARAIKAL SOUTH,27,S. MARIE ANTHUVAN,Naam Tamilar Katchi,129,228,282,,,,282,1,283,1.11,25522
Puducherry,KARAIKAL SOUTH,27,A.H. ABDUL BASITH,Independent,51,91,106,,,,106,1,107,0.42,25522
Puducherry,KARAIKAL SOUTH,27,M.C. SAMIR @ AHAMED ALFASY,Independent,18,34,42,,,,42,0,42,0.16,25522
Puducherry,KARAIKAL SOUTH,27,NOTA,None of the Above,47,97,137,,,,137,5,142,0.56,25522
Puducherry,LAWSPET,11,V.P. SIVAKOLUNDHU,All India N.R. Congress,1927,3916,6544,9039,10416,,10416,162,10578,39.52,26766
Puducherry,LAWSPET,11,R. RAJANGAM,Communist Party of India (Marxist),46,105,183,271,290,,290,11,301,1.12,26766
Puducherry,LAWSPET,11,M. VAITHIANATHAN,Indian National Congress,2124,4210,6311,8077,9018,,9018,143,9161,34.23,26766
Puducherry,LAWSPET,11,P. ELUMALAI,Pattali Makkal Katchi,13,29,38,46,51,,51,1,52,0.19,26766
Puducherry,LAWSPET,11,V. SAMINATHAN,Tamilaga Vettri Kazhagam,1270,2247,3524,4755,5603,,5603,44,5647,21.1,26766
Puducherry,LAWSPET,11,L. NARASSIMMAN,Aanaithinthiya Jananayaka Pathukappu Kazhagam,2,7,11,21,34,,34,4,38,0.14,26766
Puducherry,LAWSPET,11,S. JAYACHITRA,Naam Tamilar Katchi,96,184,302,376,424,,424,9,433,1.62,26766
Puducherry,LAWSPET,11,GOPALAKRISHNAN,Independent,20,29,97,130,175,,175,3,178,0.67,26766
Puducherry,LAWSPET,11,CHANDRASEGARAN,Independent,7,29,53,73,88,,88,0,88,0.33,26766
Puducherry,LAWSPET,11,K. MURUGAN,Independent,11,13,19,21,25,,25,0,25,0.09,26766
Puducherry,LAWSPET,11,RAJASEKARAN .H,Independent,9,17,22,30,36,,36,1,37,0.14,26766
Puducherry,LAWSPET,11,NOTA,None of the Above,41,103,143,195,222,,222,6,228,0.85,26766
Puducherry,MAHE,29,A. DINESAN,Bharatiya Janata Party,1288,3234,5175,6849,,,6849,120,6969,29.28,23801
Puducherry,MAHE,29,RAMESH PARAMBATH,Indian National Congress,1378,3138,5528,7124,,,7124,136,7260,30.5,23801
Puducherry,MAHE,29,PRIJESH. M,Tamilaga Vettri Kazhagam,54,79,104,122,,,122,0,122,0.51,23801
Puducherry,MAHE,29,MOHAMED SAMEEL,Indian Union Muslim League,192,316,558,789,,,789,11,800,3.36,23801
Puducherry,MAHE,29,ADV. T. ASHOK KUMAR,Independent,1806,3923,5833,8251,,,8251,124,8375,35.19,23801
Puducherry,MAHE,29,ASHOKAN.  M,Independent,18,31,43,61,,,61,2,63,0.26,23801
Puducherry,MAHE,29,RAMESH,Independent,5,8,14,24,,,24,0,24,0.1,23801
Puducherry,MAHE,29,SARASWATHI. P. P.,Independent,8,20,34,44,,,44,1,45,0.19,23801
Puducherry,MAHE,29,NOTA,None of the Above,25,68,105,141,,,141,2,143,0.6,23801
Puducherry,MANAVELY,20,R K R. ANANTHARAMAN,Indian National Congress,1662,2816,3876,5575,5810,,5810,122,5932,18.32,32386
Puducherry,MANAVELY,20,EMBALAM SELVAM @ SELVAM. R,Bharatiya Janata Party,2460,5585,8213,10367,10466,,10466,263,10729,33.13,32386
Puducherry,MANAVELY,20,B.RAMU,Tamilaga Vettri Kazhagam,3550,6658,10030,13388,13659,,13659,163,13822,42.68,32386
Puducherry,MANAVELY,20,RAJARAM,Pattali Makkal Katchi,15,29,38,55,55,,55,3,58,0.18,32386
Puducherry,MANAVELY,20,M.S. ELANGOVAN,Naam Tamilar Katchi,175,264,443,569,573,,573,16,589,1.82,32386
Puducherry,MANAVELY,20,G.GANAPATHY,Aanaithinthiya Jananayaka Pathukappu Kazhagam,13,32,44,57,57,,57,4,61,0.19,32386
Puducherry,MANAVELY,20,PAVITHRA VEERAMANY,Independent,51,91,125,188,199,,199,7,206,0.64,32386
Puducherry,MANAVELY,20,R. PERUMAL,Independent,159,241,455,703,744,,744,10,754,2.33,32386
Puducherry,MANAVELY,20,NOTA,None of the Above,63,120,175,225,231,,231,4,235,0.73,32386
Puducherry,MANGALAM,4,K. RAGUBADY,Indian National Congress,415,922,1098,1232,1395,,1395,19,1414,3.99,35405
Puducherry,MANGALAM,4,N. RANGASAMY,All India N.R. Congress,3824,7570,10909,14713,17607,,17607,310,17917,50.61,35405
Puducherry,MANGALAM,4,S.S. RANGAN,Dravida Munnetra Kazhagam,2575,4688,6855,9134,10758,,10758,109,10867,30.69,35405
Puducherry,MANGALAM,4,SATHIYAMOORTHY .G,Tamilaga Makkal Thannurimai Katchi,12,49,65,74,83,,83,0,83,0.23,35405
Puducherry,MANGALAM,4,M.K. SATHIA MANIKKAVASAGANE,Tamilaga Vettri Kazhagam,764,1280,2537,3568,4191,,4191,11,4202,11.87,35405
Puducherry,MANGALAM,4,M. SUBRAMANI,Naam Tamilar Katchi,62,133,266,368,445,,445,2,447,1.26,35405
Puducherry,MANGALAM,4,G. MATHIYALAGAN,Pattali Makkal Katchi,7,33,46,56,60,,60,2,62,0.18,35405
Puducherry,MANGALAM,4,I. THAVAMANI,Independent,12,92,101,110,120,,120,3,123,0.35,35405
Puducherry,MANGALAM,4,E. BALARAMAN,Independent,28,56,73,86,99,,99,1,100,0.28,35405
Puducherry,MANGALAM,4,NOTA,None of the Above,26,55,103,163,189,,189,1,190,0.54,35405
Puducherry,MANNADIPET,1,T.P.R. SELVAME,Indian National Congress,2773,5552,8205,9667,,,9667,141,9808,33.25,29502
Puducherry,MANNADIPET,1,A. NAMASSIVAYAM,Bharatiya Janata Party,4566,9083,13152,15699,,,15699,219,15918,53.96,29502
Puducherry,MANNADIPET,1,G. ACHUDHAN,Pattali Makkal Katchi,14,42,53,57,,,57,0,57,0.19,29502
Puducherry,MANNADIPET,1,"R. ELUMALAI, ADVOCATE",Rashtriya Samaj Dal (R),5,8,24,26,,,26,1,27,0.09,29502
Puducherry,MANNADIPET,1,K. BHARATHITHASAN,Tamilaga Vettri Kazhagam,847,1709,2444,3018,,,3018,14,3032,10.28,29502
Puducherry,MANNADIPET,1,B. VENKATESAN,Naam Tamilar Katchi,82,141,218,258,,,258,2,260,0.88,29502
Puducherry,MANNADIPET,1,R. SUNDARRAJ,Independent,2,7,17,21,,,21,0,21,0.07,29502
Puducherry,MANNADIPET,1,K. DATCHANAMOURTHY,Independent,1,5,10,13,,,13,0,13,0.04,29502
Puducherry,MANNADIPET,1,S. PANDURANGAN,Independent,3,5,6,6,,,6,0,6,0.02,29502
Puducherry,MANNADIPET,1,K. BALAMURUGAN,Independent,10,18,42,49,,,49,0,49,0.17,29502
Puducherry,MANNADIPET,1,J. YUVARAJ,Independent,27,59,124,144,,,144,3,147,0.5,29502
Puducherry,MANNADIPET,1,NOTA,None of the Above,45,95,137,162,,,162,2,164,0.56,29502
Puducherry,MUDALIARPET,18,L. SAMBATH,Dravida Munnetra Kazhagam,2196,5007,7506,9915,10342,,10342,232,10574,33.89,31199
Puducherry,MUDALIARPET,18,A. JOHNKUMAR,Bharatiya Janata Party,2957,5472,8379,11723,12707,,12707,238,12945,41.49,31199
Puducherry,MUDALIARPET,18,DR. GEETHA MANI,Naadaalum Makkal Katchi,13,26,44,53,55,,55,0,55,0.18,31199
Puducherry,MUDALIARPET,18,GOPALAKRISHNAN,Pattali Makkal Katchi,18,27,37,66,73,,73,3,76,0.24,31199
Puducherry,MUDALIARPET,18,S. SENTHILKUMAR,Parivartan Rajniti Party,7,13,16,22,24,,24,0,24,0.08,31199
Puducherry,MUDALIARPET,18,N. MANIBALAN,Tamilaga Vettri Kazhagam,1430,2726,4096,5465,5871,,5871,35,5906,18.93,31199
Puducherry,MUDALIARPET,18,RAJESWARI,Aanaithinthiya Jananayaka Pathukappu Kazhagam,10,16,20,25,27,,27,0,27,0.09,31199
Puducherry,MUDALIARPET,18,M. VELAVAN,Naam Tamilar Katchi,181,324,461,669,715,,715,15,730,2.34,31199
Puducherry,MUDALIARPET,18,N. ANNATHURAI,Independent,11,87,357,373,376,,376,8,384,1.23,31199
Puducherry,MUDALIARPET,18,SENTHILKUMAR,Independent,11,26,29,39,42,,42,2,44,0.14,31199
Puducherry,MUDALIARPET,18,A. DHINAKARAN,Independent,4,11,28,37,38,,38,1,39,0.13,31199
Puducherry,MUDALIARPET,18,R. MUTHUMANIKANDAN,Independent,4,6,12,13,13,,13,1,14,0.04,31199
Puducherry,MUDALIARPET,18,SUTHAM SUNDARRAJAN @ RAVINDRAN,Independent,5,22,29,35,37,,37,1,38,0.12,31199
Puducherry,MUDALIARPET,18,R. VIJAYAKUMAR,Independent,10,17,26,34,35,,35,0,35,0.11,31199
Puducherry,MUDALIARPET,18,NOTA,None of the Above,83,153,218,285,299,,299,9,308,0.99,31199
Puducherry,MUTHIALPET,13,VAIYAPURI MANIKANDAN,All India N.R. Congress,1938,4101,6306,8250,,,8250,132,8382,35.58,23560
Puducherry,MUTHIALPET,13,EERAM G. RAJENDRAN,Indian National Congress,1901,3355,5357,7369,,,7369,61,7430,31.54,23560
Puducherry,MUTHIALPET,13,M. FARITHA BEGUM,Naam Tamilar Katchi,76,151,226,312,,,312,3,315,1.34,23560
Puducherry,MUTHIALPET,13,J. PRAKASH KUMAR,Tamilaga Vettri Kazhagam,1020,1889,2727,3588,,,3588,23,3611,15.33,23560
Puducherry,MUTHIALPET,13,K. HARIDASS,Pattali Makkal Katchi,3,5,11,14,,,14,0,14,0.06,23560
Puducherry,MUTHIALPET,13,EGAMBARAM GANDHI,Independent,11,19,24,25,,,25,0,25,0.11,23560
Puducherry,MUTHIALPET,13,R. CHANDRUJI,Independent,49,61,158,252,,,252,3,255,1.08,23560
Puducherry,MUTHIALPET,13,BALAMURUGAN,Independent,4,9,18,35,,,35,1,36,0.15,23560
Puducherry,MUTHIALPET,13,C. PRATHIYOUVE,Independent,5,10,14,20,,,20,0,20,0.08,23560
Puducherry,MUTHIALPET,13,M. PRABAGARAN,Independent,1200,1961,2594,3236,,,3236,49,3285,13.94,23560
Puducherry,MUTHIALPET,13,P. VIJAYABHAASGAR,Independent,9,12,19,25,,,25,0,25,0.11,23560
Puducherry,MUTHIALPET,13,NOTA,None of the Above,42,83,111,161,,,161,1,162,0.69,23560
Puducherry,NEDUNGADU,24,C. CHANDIRA PRIYANGA,All India N.R. Congress,4583,8242,9632,,,,9632,237,9869,34.71,28431
Puducherry,NEDUNGADU,24,DINESH KUMAR,Indian National Congress,564,1131,1326,,,,1326,28,1354,4.76,28431
Puducherry,NEDUNGADU,24,U. KAMARAJ,Tamilaga Vettri Kazhagam,805,1547,1849,,,,1849,16,1865,6.56,28431
Puducherry,NEDUNGADU,24,A. VIGNESH,Naam Tamilar Katchi,191,405,499,,,,499,11,510,1.79,28431
Puducherry,NEDUNGADU,24,ARUL PRAKASH,Independent,42,93,129,,,,129,1,130,0.46,28431
Puducherry,NEDUNGADU,24,DR. V. VIGNESWARAN,Independent,5643,11433,14202,,,,14202,166,14368,50.54,28431
Puducherry,NEDUNGADU,24,NOTA,None of the Above,146,264,330,,,,330,5,335,1.18,28431
Puducherry,NELLITHOPE,17,V. CARTIGUEYANE,Dravida Munnetra Kazhagam,2500,4564,6875,8108,,,8108,118,8226,33.21,24770
Puducherry,NELLITHOPE,17,S. GOMATHI ROJA,Anna Makkal Katchi,8,21,27,38,,,38,1,39,0.16,24770
Puducherry,NELLITHOPE,17,MUTH. AM. SIVAKUMAR,Naam Tamilar Katchi,149,246,330,382,,,382,10,392,1.58,24770
Puducherry,NELLITHOPE,17,S. VIGNESHWARAN,Tamilaga Vettri Kazhagam,1416,2721,4158,4739,,,4739,24,4763,19.23,24770
Puducherry,NELLITHOPE,17,JANAKIRAMAN,Pattali Makkal Katchi,27,44,64,80,,,80,0,80,0.32,24770
Puducherry,NELLITHOPE,17,A. JAYAKUMAR,Latchiya Jananayaka Katchi (LJK),1045,1834,2760,3263,,,3263,48,3311,13.37,24770
Puducherry,NELLITHOPE,17,DR. C. ASHOK KUMAR,Independent,8,24,31,36,,,36,0,36,0.15,24770
Puducherry,NELLITHOPE,17,E. IRUDHAYARAJ,Independent,21,32,40,51,,,51,0,51,0.21,24770
Puducherry,NELLITHOPE,17,OMSAKTHISEKAR,Independent,2394,4322,6118,7315,,,7315,61,7376,29.78,24770
Puducherry,NELLITHOPE,17,S. KAMATCHI,Independent,12,22,32,39,,,39,1,40,0.16,24770
Puducherry,NELLITHOPE,17,R. SHANMUGAM,Independent,66,79,85,88,,,88,0,88,0.36,24770
Puducherry,NELLITHOPE,17,G. SATHEESHKUMAR,Independent,14,34,41,46,,,46,2,48,0.19,24770
Puducherry,NELLITHOPE,17,N. DELHIBABU,Independent,6,11,21,26,,,26,2,28,0.11,24770
Puducherry,NELLITHOPE,17,M. MOHAN RAJ,Independent,13,26,44,55,,,55,0,55,0.22,24770
Puducherry,NELLITHOPE,17,NOTA,None of the Above,68,144,195,237,,,237,0,237,0.96,24770
Puducherry,NERAVY-T.R.PATTINAM,28,M. NAGATHIYAGARAJAN (NTR),Dravida Munnetra Kazhagam,3406,7009,8656,,,,8656,144,8800,33.15,26545
Puducherry,NERAVY-T.R.PATTINAM,28,TKSM MEENATCHISUNDARAM,Bharatiya Janata Party,4564,7909,10667,,,,10667,151,10818,40.75,26545
Puducherry,NERAVY-T.R.PATTINAM,28,SUGANTH. T,Desa Makkal Munnetrak Kazhagam,16,41,46,,,,46,0,46,0.17,26545
Puducherry,NERAVY-T.R.PATTINAM,28,GANESH @ PRANADARTI GARESWARAN,Tamilaga Vettri Kazhagam,1091,2149,2870,,,,2870,8,2878,10.84,26545
Puducherry,NERAVY-T.R.PATTINAM,28,M. MALA,Naam Tamilar Katchi,126,233,331,,,,331,3,334,1.26,26545
Puducherry,NERAVY-T.R.PATTINAM,28,I. KADAR MAIDINE,Independent,20,75,117,,,,117,2,119,0.45,26545
Puducherry,NERAVY-T.R.PATTINAM,28,SENTHAMIZH SELVAN,Independent,9,30,43,,,,43,1,44,0.17,26545
Puducherry,NERAVY-T.R.PATTINAM,28,V.M.C.S. MANOHAREN,Independent,790,2042,3236,,,,3236,60,3296,12.42,26545
Puducherry,NERAVY-T.R.PATTINAM,28,VAIDEGI,Independent,36,62,73,,,,73,0,73,0.28,26545
Puducherry,NERAVY-T.R.PATTINAM,28,NOTA,None of the Above,53,104,131,,,,131,6,137,0.52,26545
Puducherry,NETTAPAKKAM,22,G. ANBARASAN,Indian National Congress,1307,2492,3586,4519,6050,6920,6920,56,6976,24.29,28718
Puducherry,NETTAPAKKAM,22,P. RAJAVELU,All India N.R. Congress,2249,4337,7166,9792,12522,13489,13489,176,13665,47.58,28718
Puducherry,NETTAPAKKAM,22,DR.K. SILAMBARASAN,All India Puratchi Thalaivar Makkal Munnettra Kazhagam,15,25,33,39,53,55,55,1,56,0.19,28718
Puducherry,NETTAPAKKAM,22,S. GNANAPRAGASH,Naam Tamilar Katchi,60,99,183,229,295,308,308,1,309,1.08,28718
Puducherry,NETTAPAKKAM,22,L PERIASAMY,Tamilaga Vettri Kazhagam,1064,1991,3250,4234,5148,5321,5321,61,5382,18.74,28718
Puducherry,NETTAPAKKAM,22,K JAYACHANDIRAN,Pattali Makkal Katchi,15,21,33,45,53,53,53,2,55,0.19,28718
Puducherry,NETTAPAKKAM,22,P AMUDHAVAN,Independent,5,12,24,30,42,51,51,11,62,0.22,28718
Puducherry,NETTAPAKKAM,22,R. AYANAR,Independent,22,28,68,80,100,102,102,1,103,0.36,28718
Puducherry,NETTAPAKKAM,22,N ARIKRISHNAN,Independent,766,1050,1160,1180,1482,1497,1497,14,1511,5.26,28718
Puducherry,NETTAPAKKAM,22,I. DANARAJU,Independent,3,8,15,16,21,22,22,1,23,0.08,28718
Puducherry,NETTAPAKKAM,22,S. THIRUNAVUKKARASU,Independent,89,105,108,111,124,124,124,10,134,0.47,28718
Puducherry,NETTAPAKKAM,22,S MUTHUKUMARASAMY,Independent,5,7,14,24,41,42,42,3,45,0.16,28718
Puducherry,NETTAPAKKAM,22,V. MURALI,Independent,12,23,45,58,91,110,110,2,112,0.39,28718
Puducherry,NETTAPAKKAM,22,A VELU,Independent,13,35,45,59,88,93,93,1,94,0.33,28718
Puducherry,NETTAPAKKAM,22,NOTA,None of the Above,38,64,112,135,176,188,188,3,191,0.67,28718
Puducherry,ORLEAMPETH,16,A. GANDHI,All India Anna Dravida Munnetra Kazhagam,96,176,267,295,,,295,5,300,1.53,19594
Puducherry,ORLEAMPETH,16,S. GOPAL,Dravida Munnetra Kazhagam,2290,4620,7334,8695,,,8695,64,8759,44.7,19594
Puducherry,ORLEAMPETH,16,ANITHA VEERAPAN,Naam Tamilar Katchi,57,99,158,184,,,184,0,184,0.94,19594
Puducherry,ORLEAMPETH,16,E. ABEL VARGINIA,Pattali Makkal Katchi,9,13,19,20,,,20,0,20,0.1,19594
Puducherry,ORLEAMPETH,16,L. KARUNANITHI,Naadaalum Makkal Katchi,16,21,38,46,,,46,0,46,0.23,19594
Puducherry,ORLEAMPETH,16,N. SIVAKUMARAN,Tamilaga Makkal Thannurimai Katchi,8,10,16,16,,,16,0,16,0.08,19594
Puducherry,ORLEAMPETH,16,G. NEHRU ALIAS COUPPOUSSAMY,Neyam Makkal Kazhagam,2524,5278,8483,9890,,,9890,70,9960,50.83,19594
Puducherry,ORLEAMPETH,16,S. AMUTHA,Independent,4,17,29,32,,,32,0,32,0.16,19594
Puducherry,ORLEAMPETH,16,GOUTHAM KUMAR,Independent,12,21,25,28,,,28,0,28,0.14,19594
Puducherry,ORLEAMPETH,16,R. GOPAL,Independent,4,6,9,11,,,11,0,11,0.06,19594
Puducherry,ORLEAMPETH,16,A. P. SIVAKUMAR.,Independent,1,4,17,21,,,21,0,21,0.11,19594
Puducherry,ORLEAMPETH,16,P. VENKATESAN,Independent,3,4,7,8,,,8,1,9,0.05,19594
Puducherry,ORLEAMPETH,16,V. HARIHARANE,Independent,34,44,51,55,,,55,0,55,0.28,19594
Puducherry,ORLEAMPETH,16,NOTA,None of the Above,51,95,130,151,,,151,2,153,0.78,19594
Puducherry,OUPALAM,15,A ANBALAGAN,All India Anna Dravida Munnetra Kazhagam,2045,4731,6814,9008,,,9008,91,9099,39.51,23030
Puducherry,OUPALAM,15,ANNIBAL KENNEDY,Dravida Munnetra Kazhagam,1832,3019,4243,5275,,,5275,52,5327,23.13,23030
Puducherry,OUPALAM,15,S SIVA,Tamilaga Vettri Kazhagam,1387,3545,6083,8024,,,8024,49,8073,35.05,23030
Puducherry,OUPALAM,15,SUBRAMANIYAN,Tamilaga Makkal Thannurimai Katchi,5,13,24,28,,,28,0,28,0.12,23030
Puducherry,OUPALAM,15,SELVANATHAN,Pattali Makkal Katchi,4,12,21,26,,,26,0,26,0.11,23030
Puducherry,OUPALAM,15,V DEVIPRIYA,Naam Tamilar Katchi,78,153,249,322,,,322,4,326,1.42,23030
Puducherry,OUPALAM,15,NOTA,None of the Above,36,66,111,149,,,149,2,151,0.66,23030
Puducherry,OUSSUDU,3,P. KARTHIKEYAN,Indian National Congress,4279,8616,12012,15260,,,15260,140,15400,49.2,31301
Puducherry,OUSSUDU,3,E. THEEPPAINTHAN,Bharatiya Janata Party,2854,6099,8470,11214,,,11214,168,11382,36.36,31301
Puducherry,OUSSUDU,3,P. ARIAPOUTRY,Viduthalai Chiruthaigal Katchi,14,50,67,87,,,87,3,90,0.29,31301
Puducherry,OUSSUDU,3,GOWRI,Naam Tamilar Katchi,81,170,284,449,,,449,9,458,1.46,31301
Puducherry,OUSSUDU,3,S. SARAGANABAVA,Tamilaga Vettri Kazhagam,758,1527,2492,3687,,,3687,11,3698,11.81,31301
Puducherry,OUSSUDU,3,NOTA,None of the Above,53,152,201,268,,,268,5,273,0.87,31301
Puducherry,OZHUKARAI,6,M. SIVASANKAR,Indian National Congress,808,1645,2216,3213,3655,,3655,54,3709,10.33,35893
Puducherry,OZHUKARAI,6,K.NARAYANASAMY ALIAS NITHYANANDAM,All India N.R. Congress,2649,5437,7764,10323,12396,,12396,239,12635,35.2,35893
Puducherry,OZHUKARAI,6,NARA. KALAINATHAN,Communist Party of India,74,170,234,330,393,,393,9,402,1.12,35893
Puducherry,OZHUKARAI,6,SASIBALAN,Tamilaga Vettri Kazhagam,1833,3374,5458,7002,8342,,8342,59,8401,23.41,35893
Puducherry,OZHUKARAI,6,S. CHITRA,Naam Tamilar Katchi,104,172,285,359,413,,413,5,418,1.16,35893
Puducherry,OZHUKARAI,6,PUSHPALATHA,Viduthalai Chiruthaigal Katchi,195,561,898,1024,1121,,1121,21,1142,3.18,35893
Puducherry,OZHUKARAI,6,MANGAYARARASI,Pattali Makkal Katchi,10,18,19,31,41,,41,0,41,0.11,35893
Puducherry,OZHUKARAI,6,M. LAVANYA,All India Puratchi Thalaivar Makkal Munnettra Kazhagam,17,75,96,99,103,,103,0,103,0.29,35893
Puducherry,OZHUKARAI,6,R. ARULSEZHIAN,Independent,84,169,379,500,600,,600,7,607,1.69,35893
Puducherry,OZHUKARAI,6,N. SARAVANAN,Independent,1317,2920,4928,6466,7325,,7325,121,7446,20.74,35893
Puducherry,OZHUKARAI,6,V. PRABADEVI,Independent,90,220,313,342,372,,372,2,374,1.04,35893
Puducherry,OZHUKARAI,6,S. MURUGAN,Independent,6,13,22,24,38,,38,0,38,0.11,35893
Puducherry,OZHUKARAI,6,R. RAVITCHANDIRANE,Independent,58,98,136,174,198,,198,0,198,0.55,35893
Puducherry,OZHUKARAI,6,J. VINAYAGAM,Independent,9,19,36,42,48,,48,0,48,0.13,35893
Puducherry,OZHUKARAI,6,NOTA,None of the Above,82,144,206,282,324,,324,7,331,0.92,35893
Puducherry,RAJ BHAVAN,14,R KUMARAN,Indian National Congress,615,952,1251,1521,,,1521,17,1538,8.22,18716
Puducherry,RAJ BHAVAN,14,V. P. RAMALINGAME,Bharatiya Janata Party,1491,3471,5015,6920,,,6920,97,7017,37.49,18716
Puducherry,RAJ BHAVAN,14,VIGNESH KANNAN,Dravida Munnetra Kazhagam,919,2609,4889,7222,,,7222,82,7304,39.03,18716
Puducherry,RAJ BHAVAN,14,S. KARPAGAVALLI,Naam Tamilar Katchi,46,96,136,212,,,212,1,213,1.14,18716
Puducherry,RAJ BHAVAN,14,P. KODESWARAN,Tamilaga Makkal Thannurimai Katchi,4,21,25,32,,,32,0,32,0.17,18716
Puducherry,RAJ BHAVAN,14,V.J. CHANDRAN,Tamilaga Vettri Kazhagam,460,1141,1679,2349,,,2349,12,2361,12.61,18716
Puducherry,RAJ BHAVAN,14,RAMALINGAM,Independent,6,21,29,41,,,41,1,42,0.22,18716
Puducherry,RAJ BHAVAN,14,NOTA,None of the Above,80,128,166,206,,,206,3,209,1.12,18716
Puducherry,THATTANCHAVADY,9,N. RANGASAMY,All India N.R. Congress,3447,6623,9598,9808,,,9808,216,10024,42.51,23578
Puducherry,THATTANCHAVADY,9,VE. VAITHILINGAM,Indian National Congress,780,1925,2821,2922,,,2922,68,2990,12.68,23578
Puducherry,THATTANCHAVADY,9,K. KATHIRESAN,Pattali Makkal Katchi,11,29,39,41,,,41,1,42,0.18,23578
Puducherry,THATTANCHAVADY,9,S. KARTHI KUMARI,Naam Tamilar Katchi,179,312,504,520,,,520,14,534,2.26,23578
Puducherry,THATTANCHAVADY,9,E. VINAYAGAM,Neyam Makkal Kazhagam,1520,3208,5438,5543,,,5543,40,5583,23.68,23578
Puducherry,THATTANCHAVADY,9,B. GANESHAMOURTHY,Independent,24,42,88,88,,,88,1,89,0.38,23578
Puducherry,THATTANCHAVADY,9,M. KRISHNAMURTHY,Independent,5,8,14,14,,,14,1,15,0.06,23578
Puducherry,THATTANCHAVADY,9,K. SETHU @ SETHUSELVAM,Independent,1415,2575,3774,3926,,,3926,58,3984,16.9,23578
Puducherry,THATTANCHAVADY,9,BANGARAMMAL KARUNAKARAN,Independent,19,56,70,73,,,73,0,73,0.31,23578
Puducherry,THATTANCHAVADY,9,N. RANJITHKUMAR,Independent,25,31,44,45,,,45,3,48,0.2,23578
Puducherry,THATTANCHAVADY,9,NOTA,None of the Above,41,123,186,192,,,192,4,196,0.83,23578
Puducherry,THIRUBHUVANAI,2,P. ANGALANE,Dravida Munnetra Kazhagam,1830,3835,5569,6553,,,6553,77,6630,21.88,30299
Puducherry,THIRUBHUVANAI,2,B. KOBIGA,All India N.R. Congress,2463,5027,6814,8930,,,8930,109,9039,29.83,30299
Puducherry,THIRUBHUVANAI,2,M. DATCHANAMURTHY,Communist Party of India (Marxist),82,113,197,251,,,251,4,255,0.84,30299
Puducherry,THIRUBHUVANAI,2,K. VELU,Indian National Congress,1149,1831,2655,3532,,,3532,29,3561,11.75,30299
Puducherry,THIRUBHUVANAI,2,GEETHA. V,Tamilaga Makkal Thannurimai Katchi,27,48,235,272,,,272,12,284,0.94,30299
Puducherry,THIRUBHUVANAI,2,AK. SAI J SARAVANAN KUMAR,Tamilaga Vettri Kazhagam,2002,4120,6856,9700,,,9700,40,9740,32.15,30299
Puducherry,THIRUBHUVANAI,2,K. RANJIT,Naam Tamilar Katchi,81,164,241,333,,,333,2,335,1.11,30299
Puducherry,THIRUBHUVANAI,2,ASWANIYA. M,Independent,5,9,13,17,,,17,0,17,0.06,30299
Puducherry,THIRUBHUVANAI,2,D. ATHILAKSHMI,Independent,19,25,49,58,,,58,1,59,0.19,30299
Puducherry,THIRUBHUVANAI,2,S. T. CALE,Independent,10,20,34,57,,,57,2,59,0.19,30299
Puducherry,THIRUBHUVANAI,2,V. PUNITHA,Independent,31,51,86,116,,,116,1,117,0.39,30299
Puducherry,THIRUBHUVANAI,2,NOTA,None of the Above,49,95,146,200,,,200,3,203,0.67,30299
Puducherry,THIRUNALLAR,25,R. KAMALAKANNAN,Indian National Congress,3925,6288,7194,,,,7194,109,7303,26.11,27966
Puducherry,THIRUNALLAR,25,G.N.S. RAJASEKARAN,Bharatiya Janata Party,6250,13245,16557,,,,16557,272,16829,60.18,27966
Puducherry,THIRUNALLAR,25,CHANDRAMOULISWARAR A.R.,Tamilaga Makkal Thannurimai Katchi,20,51,62,,,,62,0,62,0.22,27966
Puducherry,THIRUNALLAR,25,A. RAJA MOHAMED,Tamilaga Vettri Kazhagam,1271,2641,3173,,,,3173,28,3201,11.45,27966
Puducherry,THIRUNALLAR,25,S. VINOTH,Naam Tamilar Katchi,113,222,280,,,,280,1,281,1,27966
Puducherry,THIRUNALLAR,25,N.V.R. ARIVOLI,Independent,14,29,29,,,,29,0,29,0.1,27966
Puducherry,THIRUNALLAR,25,M.P. SIMON RAJ,Independent,11,24,35,,,,35,1,36,0.13,27966
Puducherry,THIRUNALLAR,25,M. VASANTHKUMAR,Independent,6,10,15,,,,15,0,15,0.05,27966
Puducherry,THIRUNALLAR,25,ANTHO. JOHN PEETTER,Independent,32,61,77,,,,77,0,77,0.28,27966
Puducherry,THIRUNALLAR,25,NOTA,None of the Above,51,110,131,,,,131,2,133,0.48,27966
Puducherry,VILLIANUR,5,R.SIVA,Dravida Munnetra Kazhagam,2574,6365,9269,12478,14757,,14757,243,15000,38.12,39346
Puducherry,VILLIANUR,5,B.RAVICOUMAR,All India N.R. Congress,3418,5654,9620,13536,16625,,16625,345,16970,43.13,39346
Puducherry,VILLIANUR,5,V.KRISHNAMOORTHY,Pattali Makkal Katchi,18,21,42,58,82,,82,0,82,0.21,39346
Puducherry,VILLIANUR,5,M.NANDAGOPAL,All India Puratchi Thalaivar Makkal Munnettra Kazhagam,34,39,42,50,53,,53,2,55,0.14,39346
Puducherry,VILLIANUR,5,D.RAMESH,Naam Tamilar Katchi,103,172,298,413,509,,509,9,518,1.32,39346
Puducherry,VILLIANUR,5,R.RAMESH,Tamilaga Vettri Kazhagam,1396,2405,3887,5192,6202,,6202,46,6248,15.88,39346
Puducherry,VILLIANUR,5,M.GANAPATHY,Independent,3,8,12,12,15,,15,1,16,0.04,39346
Puducherry,VILLIANUR,5,A.THIYAGU,Independent,3,6,13,22,25,,25,0,25,0.06,39346
Puducherry,VILLIANUR,5,D.PAVITHIRAN,Independent,14,19,25,33,36,,36,1,37,0.09,39346
Puducherry,VILLIANUR,5,S.JAYAPAL,Independent,4,5,9,13,16,,16,1,17,0.04,39346
Puducherry,VILLIANUR,5,S.HARI SURESH BABU,Independent,7,14,19,31,35,,35,0,35,0.09,39346
Puducherry,VILLIANUR,5,SHAKUL HAMED,Independent,9,31,53,65,76,,76,1,77,0.2,39346
Puducherry,VILLIANUR,5,NOTA,None of the Above,45,77,143,205,263,,263,3,266,0.68,39346
Puducherry,YANAM,30,GOLLAPALLI SRINIVAS ASHOK,Indian National Congress,3918,8897,12449,14953,15122,,15122,173,15295,42.69,35826
Puducherry,YANAM,30,MALLADI KRISHNA RAO,All India N.R. Congress,4417,7884,13146,17868,19665,,19665,198,19863,55.44,35826
Puducherry,YANAM,30,THOTA RAJU,Tamilaga Vettri Kazhagam,45,110,139,158,166,,166,1,167,0.47,35826
Puducherry,YANAM,30,JANIPALLI VENKANNA BABU,Naadaalum Makkal Katchi,1,2,6,9,9,,9,0,9,0.03,35826
Puducherry,YANAM,30,KALLA VENKATA RATNAM,Independent,2,8,17,17,18,,18,0,18,0.05,35826
Puducherry,YANAM,30,GIDDI BALARAM,Independent,15,33,49,72,76,,76,2,78,0.22,35826
Puducherry,YANAM,30,TIRUKOTI ADIMURTHY,Independent,0,1,1,3,4,,4,0,4,0.01,35826
Puducherry,YANAM,30,NATI BURIYYA,Independent,2,8,19,19,19,,19,0,19,0.05,35826
Puducherry,YANAM,30,MALLADI UDAYA LAKSHMI,Independent,1,5,8,8,9,,9,0,9,0.03,35826
Puducherry,YANAM,30,MELLAM SRINIVASA RAO,Independent,2,2,7,12,13,,13,1,14,0.04,35826
Puducherry,YANAM,30,LAKSHMI SNEHA MEDAPATI,Independent,9,13,19,26,30,,30,4,34,0.09,35826
Puducherry,YANAM,30,SHEIK AHAMEDSHA KHADER,Independent,8,17,24,26,27,,27,0,27,0.08,35826
Puducherry,YANAM,30,SURIMILLI SUBBA RAO,Independent,29,42,61,86,94,,94,0,94,0.26,35826
Puducherry,YANAM,30,NOTA,None of the Above,41,86,143,185,193,,193,2,195,0.54,35826
